<updates>
    <update>
        <name>Pretty Weather 1.0.0</name>
        <description/>
        <element>mod_prettyweather</element>
        <type>module</type>
        <version>1.0.0</version>
        <downloads>
            <downloadurl type="full" format="zip">
                https://github.com/TLWebdesignNL/Pretty-Weather/archive/refs/tags/V1.0.0.zip
            </downloadurl>
        </downloads>
        <tags>
            <tag>stable</tag>
        </tags>
        <sha256>f8439b57bea1c444ed51b0be6a5f8d0c4a22e8f383924b3065565dc9918090c8</sha256>
        <maintainer>TLWebdesign</maintainer>
        <maintainerurl>https://www.tlwebdesign.nl/</maintainerurl>
        <section>Updates</section>
        <targetplatform name="joomla" version="5.2"/>
        <client>site</client>
    </update>
</updates>